"MB","Rel"
"7.46","assets\video\home-feature-motion.mp4"
"5.66","assets\video\E2887E5E-CD89-45E3-ABC2-E32ED00C2652.mp4"
"4.03","assets\video\merch-hero-blended.mp4"
"4.03","assets\video\lottomind-uploaded-hero.mp4"
"2.6","assets\video\city-lights-music-festival-11s.mp4"
"2.13","assets\video\retro-waves-live-thumb.mp4"
"2.13","assets\merch\merch-drop-signal-20260518.mp4"
"2.12","assets\merch\gallery-motion-upload-20260518.mp4"
"2.07","assets\merch\merch-hero-user-video.mp4"
"1.77","assets\video\laugh-lab-comedy-night-preview.mp4"
"1.57","assets\video\home-prompt-bloom-blend.mp4"
"1.57","assets\merch\merch-motion-02.mp4"
"1.34","assets\video\beat2lotto-blend.mp4"
"1.1","assets\video\bloom-through-gloom-hero.mp4"
"1.07","assets\merch\merch-motion-03.mp4"
"1.05","assets\merch\merch-motion-01.mp4"
"0.89","assets\video\luna-vex-spotlight.mp4"
"0.86","assets\video\replay-acoustic-after-hours-preview.mp4"
"0.72","assets\merch\merch-drop-user-video.mp4"
"0.37","games\gothtechnology2\assets\video\lottomind-live-startup.mp4"
"0.36","assets\video\lm-portal-bg-a-6s.mp4"
"0.29","assets\video\lm-feature-portal-loop.mp4"
"0.25","assets\video\lottomind-logo-sting.mp4"
"0.24","assets\video\lm-feature-signal-loop.mp4"
"0.17","assets\video\lm-transition-close-3s.mp4"
"0.16","assets\video\lm-transition-open-3s.mp4"
"0.15","assets\video\transitions\lm-events-close.mp4"
"0.15","assets\video\transitions\lm-spheres-close.mp4"
"0.15","assets\video\transitions\lm-features-close.mp4"
"0.15","assets\video\transitions\lm-prompts-close.mp4"
"0.15","assets\video\transitions\lm-home-close.mp4"
"0.15","assets\video\transitions\lm-studio-close.mp4"
"0.15","assets\video\transitions\lm-guide-close.mp4"
"0.15","assets\video\transitions\lm-beat2lotto-close.mp4"
"0.14","assets\video\transitions\lm-merch-close.mp4"
"0.14","assets\video\transitions\lm-beat2lotto-open.mp4"
"0.14","assets\video\transitions\lm-home-open.mp4"
"0.14","assets\video\transitions\lm-features-open.mp4"
"0.14","assets\video\transitions\lm-spheres-open.mp4"
"0.14","assets\video\transitions\lm-merch-open.mp4"
"0.14","assets\video\transitions\lm-studio-open.mp4"
"0.14","assets\video\transitions\lm-prompts-open.mp4"
"0.14","assets\video\transitions\lm-events-open.mp4"
"0.14","assets\video\transitions\lm-guide-open.mp4"
"0.05","assets\video\lm-portal-bg-b-6s.mp4"
